<?xml version="1.0" encoding="UTF-8"?>
<rua xmlns:xsi="http://www.w3.org/2001/XMLSchema-instance" xsi:noNamespaceSchemaLocation="../MRB-rua.xsd">
    <meta>
        <número>54</número>
        <nome>Rua das Palhotas</nome>
    </meta>
    <corpo>
        <para>Comprida artéria que saindo da <lugar>rua dos Chãos de Sima</lugar> se dirigia para o <lugar>Alto Minho</lugar> e que, a partir do ponto onde actualmente 
            bifurca, tinha o nome de <lugar>rua Nova do Bico</lugar>.</para>
        <para>Desconhece-se a data da sua abertura. Há quem ponha a hipótese de que partia daqui a <lugar>Geira</lugar>, via militar romana que atravessando o 
            <lugar>Gerês</lugar> se dirigia a <lugar>Astorga</lugar>. Mas, se não serviu de estrada romana, teve ocupação medieval; antes de haver a estrada actual 
            (aberta ao trânsito, por troços, a partir de <data>1860</data>) para o <lugar>Alto Minho</lugar>, passavam aqui os carros e populações que se dirigiam 
            para <lugar>Palmeira</lugar>, <lugar>Pico de Regalados</lugar>, etc. Esta estrada ainda em <data>1836</data> recebia reparações no seu lageado.</para>
        <para>Em <data>1750</data>, como agora, esta rua era de arrabalde. As suas casas tinham desenho tradicional. A maioria possuía apenas o piso térreo (60,2 %); 
            as habitações de dois pisos (37,6%) estavam, na metade Sul da rua, aliás a zona mais próxima da cidade, onde havia duas casas de três pisos e, sobretudo, 
            uma fonte mandada fazer em <data>1742</data> pela Câmara (que, em data recente, foi transferida para um recanto da <lugar>rua Andrade Corvo</lugar>).</para>
        <para>A construção destes prédios seguia o modelo comum das zonas mais afastadas do centro, pois tinha no piso térreo uma porta ladeada de uma janela (88,2%). 
            As janelas ou eram vazadas (62,7 %) ou do tipo bracarense (37,3 %) cobertas ou não por gelosias.</para>
        <para>Das 52 casas do lado Poente e 41 do Nascente, eram prazos do Cabido 31 e 17, respectivamente. As restantes eram, na sua esmagadora maioria, foreiras a 
            <entidade tipo="pessoa">Jácome Borges Pacheco</entidade>, senhor da Casa de Vale Flor, em <lugar>Infias</lugar>.</para>
        <para>Estas ruas mantêm hoje as designações e seu aspecto geral. A rua <lugar>Nova do Bico</lugar> foi, contudo, cortada em duas, pela via de cintura da cidade, 
            ficando as duas partes isolados uma da outra.</para>
        <figura id="MRB-54-norte">
            <imagem path="../imagem/MRB-54-RuaDasPalhotas-nascente.jpg"/>
            <legenda>Rua das Palhotas - vista nascente.</legenda>
        </figura>
        <figura id="MRB-54-sul">
            <imagem path="../imagem/MRB-54-RuaDasPalhotas-poente.jpg"/>
            <legenda>Rua das Palhotas - vista poente.</legenda>
        </figura>
        <lista-casas>
            <casa>
                <número>1</número>
                <desc>
                    <para>Pertence à casa n.º 52 da <lugar>Rua dos Chãos de Cima</lugar>, para onde tem a frontaria e serventia principais.</para>
                </desc>
            </casa>
            <casa>
                <número>2</número>
                <enfiteuta>Vid. casa n.º51 da Rua dos Cháos de Cima (rua 53).</enfiteuta>
                <desc>
                    <para>O <entidade tipo="pessoa">Padre Manuel Gonçalves</entidade> paga 125 reis ao n.º 51 da <lugar>Rua dos Chãos de Cima</lugar>.</para>
                </desc>
            </casa>
            <casa>
                <número>3</número>
                <enfiteuta>Vid. casa n.º51 da Rua dos Cháos de Cima (rua 53).</enfiteuta>
                <desc>
                    <para><entidade tipo="pessoa">Pedro de Oliveira</entidade>, sapateiro, casado com <entidade tipo="pessoa">Teresa Francisca</entidade>, paga 
                        224 reis ao n.º 51 da <lugar>Rua dos Chãos de Cima</lugar>.</para>
                </desc>
            </casa>
            <casa>
                <número>4</número>
                <enfiteuta>Vid. casa n.º51 da Rua dos Cháos de Cima (rua 53).</enfiteuta>
                <desc>
                    <para><entidade tipo="pessoa">José Ribeiro</entidade>, filho de <entidade tipo="pessoa">Aleixo Barreiros</entidade>, armeiro, paga 168 reis 
                        ao n.º 51 da <lugar>Rua dos Chãos de Cima</lugar>.</para>
                </desc>
            </casa>
            <casa>
                <número>5, 6 e 7</número>
                <enfiteuta>Vid. casa n.º51 da Rua dos Cháos de Cima (rua 53).</enfiteuta>
                <desc>
                    <para><entidade tipo="pessoa">Geraldo Francisco</entidade>, ferreiro, casado com <entidade tipo="pessoa">Mariana da Silva</entidade>, paga 
                        102 reis ao n.º 51 da <lugar>Rua dos Chãos de Cima</lugar>.</para>
                </desc>
            </casa>
            <casa>
                <número>8 e 9</número>
                <enfiteuta>Vid. casa n.º51 da Rua dos Cháos de Cima (rua 53).</enfiteuta>
                <desc>
                    <para><entidade tipo="pessoa">Geraldo Francisco</entidade>, ferreiro, casado com <entidade tipo="pessoa">Mariana da Silva</entidade>, paga 
                        68 reis ao n.º 51 da <lugar>Rua dos Chãos de Cima</lugar>. A parte norte, da casa n.º 9, é foreira à confraria de <lugar>S. João do Souto
                        </lugar> e confronta com a <lugar>cangosta da Escoura</lugar>.
                    </para>
                </desc>
            </casa>
            <casa>
                <número>10</número>
                <enfiteuta>Isabel Maria da Silva, viúva do Dr. Santos de Araújo Alves, enfiteuta principal do prazo da 2.ª metade da leira da Escoura.</enfiteuta>
                <desc>
                    <para><entidade tipo="pessoa">José de Araújo</entidade>, casado com <entidade tipo="pessoa">Josefa de Oliveira</entidade>, paga 300 reis ao 
                        enfiteuta do prazo da 2.ª metade da <lugar>leira da Escoura</lugar>.</para>
                </desc>
            </casa>
            <casa>
                <número>11</número>
                <enfiteuta>Isabel Maria da Silva, viúva do Dr. Santos de Araújo Alves, enfiteuta principal do prazo da 2.ª metade da leira da Escoura.</enfiteuta>
                <desc>
                    <para>O <entidade tipo="pessoa">Padre José Pereira da Silva</entidade> paga 300 reis ao enfiteuta da 2.ª metade da <lugar>leira da Escoura</lugar>.</para>
                </desc>
            </casa>
            <casa>
                <número>12</número>
                <enfiteuta>Isabel Maria da Silva, viúva do Dr. Santos de Araújo Alves, enfiteuta principal do prazo da 2.ª metade da leira da Escoura.</enfiteuta>
                <desc>
                    <para><entidade tipo="pessoa">Francisco Ferreira</entidade>, surrador, casado com <entidade tipo="pessoa">Teresa Francisca</entidade>, paga 300 
                        reis ao enfiteuta do prazo da 2.ª metade da <lugar>leira da Escoura</lugar>.</para>
                </desc>
            </casa>
            <casa>
                <número>13</número>
                <enfiteuta>Isabel Maria da Silva, viúva do Dr. Santos de Araújo Alves, enfiteuta principal do prazo da 2.ª metade da leira da Escoura.</enfiteuta>
                <desc>
                    <para><entidade tipo="pessoa">Custódio de Oliveira</entidade>, padeiro, casado com <entidade tipo="pessoa">Teresa de Araújo</entidade>, paga 300 
                        reis ao enfiteuta do prazo da 2.ª metade da <lugar>leira da Escoura</lugar>.</para>
                </desc>
            </casa>
            <casa>
                <número>14</número>
                <enfiteuta>Isabel Maria da Silva, viúva do Dr. Santos de Araújo Alves, enfiteuta principal do prazo da 2.ª metade da leira da Escoura.</enfiteuta>
                <desc>
                    <para><entidade tipo="pessoa">José Francisco</entidade>, serralheiro, casado com <entidade tipo="pessoa">Marta de Araújo</entidade>, paga 200 
                        reis ao enfiteuta do prazo da 2.ª metade da <lugar>leira da Escoura</lugar>.</para>
                </desc>
            </casa>
            <casa>
                <número>15</número>
                <enfiteuta>Isabel Maria da Silva, viúva do Dr. Santos de Araújo Alves, enfiteuta principal do prazo da 2.ª metade da leira da Escoura.</enfiteuta>
                <desc>
                    <para><entidade tipo="pessoa">Pascoal Ferreira</entidade>, sombreireiro, paga 100 reis ao enfiteuta do prazo da 2.ª metade da <lugar>leira da 
                        Escoura</lugar>. Esteve unida ao n.º 14 entre os anos de <data>1612</data> e <data>1744</data>.</para>
                </desc>
            </casa>
            <casa>
                <número>16</número>
                <enfiteuta>Isabel Maria da Silva, viúva do Dr. Santos de Araújo Alves, enfiteuta principal do prazo da 2.ª metade da leira da Escoura.</enfiteuta>
                <desc>
                    <para><entidade tipo="pessoa">Pascoal Ferreira</entidade>, sombreireiro, paga 300 reis ao enfeiteuta do prazo da 2.ª metade da <lugar>leira da 
                        Escoura</lugar>.</para>
                </desc>
            </casa>
            <casa>
                <número>17</número>
                <enfiteuta>Isabel Maria da Silva, viúva do Dr. Santos de Araújo Alves, enfiteuta principal do prazo da 2.ª metade da leira da Escoura.</enfiteuta>
                <desc>
                    <para><entidade tipo="pessoa">Manuel Ferreira</entidade>, marchante, casado com <entidade tipo="pessoa">Andreza Carvalho</entidade>, paga 300 
                        reis ao enfiteuta do prazo da 2.ª metade da <lugar>leira da Escoura</lugar>.</para>
                </desc>
            </casa>
            <casa>
                <número>18</número>
                <enfiteuta>Isabel Maria da Silva, viúva do Dr. Santos de Araújo Alves, enfiteuta principal do prazo da 2.ª metade da leira da Escoura.</enfiteuta>
                <desc>
                    <para><entidade tipo="pessoa">Domingos Gomes</entidade>, viúvo, contratador, paga 300 reis ao enfiteuta do prazo da 2.ª metade da <lugar>leira 
                        da Escoura</lugar>.</para>
                </desc>
            </casa>
            <casa>
                <número>19</número>
                <enfiteuta>Isabel Maria da Silva, viúva do Dr. Santos de Araújo Alves, enfiteuta principal do prazo da 2.ª metade da leira da Escoura.</enfiteuta>
                <desc>
                    <para>Os herdeiros de <entidade tipo="pessoa">Domingos António</entidade>, sombreireiro, casado com <entidade tipo="pessoa">Ana Correia</entidade>, 
                        pagam 300 reis ao enfiteuta do prazo da 2.ª metade da <lugar>leira da Escoura</lugar>.</para>
                </desc>
            </casa>
            <casa>
                <número>20</número>
                <enfiteuta>Isabel Maria da Silva, viúva do Dr. Santos de Araújo Alves, enfiteuta principal do prazo da 2.ª metade da leira da Escoura.</enfiteuta>
                <desc>
                    <para>Paga foro ao enfiteuta da 2.ª metade da <lugar>leira da Escoura</lugar>.</para>
                </desc>
            </casa>
            <casa>
                <número>21</número>
                <enfiteuta>Isabel Maria da Silva, viúva do Dr. Santos de Araújo Alves, enfiteuta principal do prazo da 2.ª metade da leira da Escoura.</enfiteuta>
                <desc>
                    <para><entidade tipo="pessoa">Manuel Rebelo</entidade>, cutileiro, casado com <entidade tipo="pessoa">Ângela Francisca</entidade>, paga 300 reis 
                        ao enfiteuta da 2.ª metade da <lugar>leira da Escoura</lugar>.</para>
                </desc>
            </casa>
            <casa>
                <número>22</número>
                <enfiteuta>Isabel Maria da Silva, viúva do Dr. Santos de Araújo Alves, enfiteuta principal do prazo da 2.ª metade da leira da Escoura.</enfiteuta>
                <desc>
                    <para>Paga foro ao enfiteuta da 2.ª metade da <lugar>leira da Escoura</lugar>.</para>
                </desc>
            </casa>
            <casa>
                <número>23</número>
                <enfiteuta>Isabel Maria da Silva, viúva do Dr. Santos de Araújo Alves, enfiteuta principal do prazo da 2.ª metade da leira da Escoura.</enfiteuta>
                <desc>
                    <para><entidade tipo="pessoa">Geraldo Francisco</entidade>, torneiro, casado com <entidade tipo="pessoa">Mariana da Silva</entidade>, paga 150 
                        reis ao enfiteuta do prazo da 2.ª metade da <lugar>leira da Escoura</lugar>.</para>
                </desc>
            </casa>
            <casa>
                <número>24</número>
                <enfiteuta>Isabel Maria da Silva, viúva do Dr. Santos de Araújo Alves, enfiteuta principal do prazo da 2.ª metade da leira da Escoura.</enfiteuta>
                <desc>
                    <para><entidade tipo="pessoa">Manuel de Sousa</entidade>, cabeiro, casado com <entidade tipo="pessoa">Maria Vieira</entidade>, paga 350 reis ao 
                        enfiteuta do prazo da 2.ª metade da <lugar>leira da Escoura</lugar>. Confronta, do norte, com casa foreira a 
                        <entidade tipo="pessoa">Jácome Borges Pacheco</entidade>.</para>
                </desc>
            </casa>
            <casa>
                <número>25 e 26</número>
                <enfiteuta>Isabel Maria da Silva, viúva do Sr. Santos de Araújo, enfiteuta principal do prazo da 2.ª metade do casal do Lagarto.</enfiteuta>
                <desc>
                    <para><entidade tipo="pessoa">Leonarda Peixoto</entidade>, casada com <entidade tipo="pessoa">José Peixoto de Miranda</entidade>, de 
                        <lugar>Vila do Conde</lugar>, paga 650 reis ao enfiteuta da 2.ª metade do <lugar>casal do Lagarto</lugar>. A casa n.º 25 confronta, 
                        do sul, com casa foreira a <entidade tipo="pessoa">Jácome Borges Pacheco</entidade>.</para>
                </desc>
            </casa>
            <casa>
                <número>27</número>
                <enfiteuta>Isabel Maria da Silva, viúva do Sr. Santos de Araújo, enfiteuta principal do prazo da 2.ª metade do casal do Lagarto.</enfiteuta>
                <desc>
                    <para><entidade tipo="pessoa">Custódio Machado</entidade>, mercador, casado com <entidade tipo="pessoa">Rosa Maria</entidade>, paga 400 reis 
                        ao enfiteuta do prazo da 2.ª metade do <lugar>casal do Lagarto</lugar>.
                    </para>
                </desc>
            </casa>
            <casa>
                <número>28</número>
                <enfiteuta>Isabel Maria da Silva, viúva do Sr. Santos de Araújo, enfiteuta principal do prazo da 2.ª metade do casal do Lagarto.</enfiteuta>
                <desc>
                    <para>Paga foro ao enfiteuta do prazo da 2.ª metade do <lugar>casal do Lagarto</lugar>.</para>
                </desc>
            </casa>
            <casa>
                <número>29 e 30</número>
                <enfiteuta>Lic. Félix de Azevedo Peixoto</enfiteuta>
                <foro>20 reis</foro>
                <desc>
                    <para>Estas casas eram, antes de <data>1725</data>, dízimas a Deus. Foram doadas ao cabido pelos enfiteutas do prazo do <lugar>casal das 
                        Oliveiras</lugar> (freguesia de <lugar>S. João do Souto</lugar>), em troca da servidão, passagem de águas, através deste casal, para o 
                        <lugar>Convento do Carmo</lugar>. A casa n.° 30 confronta, do norte, com caminho que vai para a <lugar>fonte de Pão Trigo</lugar>.
                    </para>
                </desc>
            </casa>
            <casa>
                <número>31</número>
                <enfiteuta>Isabel Maria da Silva, viúva do Dr. Santos de Araújo, enfiteuta principal do prazo da 1.ª metade do casal do Lagarto.</enfiteuta>
                <desc>
                    <para>Paga foro ao enfiteuta da 1.ª metade do <lugar>casal do Lagarto</lugar>. Este número confronta, de ambas as partes, com casas foreiras 
                        a <entidade tipo="pessoa">Jácome Borges Pacheco</entidade>.
                    </para>
                </desc>
            </casa>
            <casa>
                <número>32</número>
                <enfiteuta>Isabel Maria da Silva, viúva do Dr. Santos de Araújo, enfiteuta principal do prazo da 1.ª metade do casal do Lagarto.</enfiteuta>
                <desc>
                    <para>Chão de casa do prazo da 1.ª metade do <lugar>casal do Lagarto</lugar>.</para>
                </desc>
            </casa>
            <casa>
                <número>33</número>
                <enfiteuta>Isabel Maria da Silva, viúva do Dr. Santos de Araújo, enfiteuta principal do prazo da 1.ª metade do casal do Lagarto.</enfiteuta>
                <desc>
                    <para>Paga foro à enfiteuta do prazo da 1.ª metade do <lugar>casal do Lagarto</lugar>.</para>
                </desc>
            </casa>
            <casa>
                <número>34</número>
                <enfiteuta>Isabel Maria da Silva, viúva do Dr. Santos de Araújo, enfiteuta principal do prazo da 1.ª metade do casal do Lagarto.</enfiteuta>
                <desc>
                    <para>Paga foro à enfiteuta do prazo da 1.ª metade do <lugar>casal do Lagarto</lugar>. Confronta, do sul, com casa foreira a 
                        <entidade tipo="pessoa">Jácome Borges Pacheco</entidade>.</para>
                </desc>
            </casa>
            <casa>
                <número>35</número>
                <enfiteuta>Isabel Maria da Silva, viúva do Dr. Santos de Araújo, enfiteuta principal do prazo da 1.ª metade do casal do Lagarto.</enfiteuta>
                <desc>
                    <para>Paga 900 reis ao enfiteuta do prazo da 1.ª metade do <lugar>casal do Lagarto</lugar>. Confronta, do norte, com casa foreira a 
                        <entidade tipo="pessoa">Jácome Borges Pacheco</entidade>.</para>
                </desc>
            </casa>
            <casa>
                <número>36</número>
                <enfiteuta>Isabel Maria da Silva, viúva do Dr. Santos de Araújo, enfiteuta principal do prazo da 1.ª metade do casal do Lagarto.</enfiteuta>
                <desc>
                    <para><entidade tipo="pessoa">José Lopes</entidade>, contratador, casado com <entidade tipo="pessoa">Ursula da Rocha</entidade>, paga 900 
                        reis ao enfiteuta do prazo da 1.ª metade do <lugar>casal do Lagarto</lugar>.</para>
                </desc>
            </casa>
            <casa>
                <número>37</número>
                <enfiteuta>Isabel Maria da Silva, viúva do Dr. Santos de Araújo, enfiteuta principal do prazo da 1.ª metade do casal do Lagarto.</enfiteuta>
                <desc>
                    <para>O <entidade tipo="pessoa">Padre José Pereira da Silva</entidade> paga 900 reis ao  enfiteuta do prazo da 1.ª metade do 
                        <lugar>casal do Lagarto</lugar>.</para>
                </desc>
            </casa>
            <casa>
                <número>38</número>
                <enfiteuta>Isabel Maria da Silva, viúva do Dr. Santos de Araújo, enfiteuta principal do prazo da 1.ª metade do casal do Lagarto.</enfiteuta>
                <desc>
                    <para><entidade tipo="pessoa">Manuel Dias Peixoto</entidade>, casado com <entidade tipo="pessoa">Maria Vieira</entidade>, paga 900 reis 
                        ao enfiteuta do prazo da 1.ª metade do <lugar>casal do Lagarto</lugar>.</para>
                </desc>
            </casa>
            <casa>
                <número>39</número>
                <enfiteuta>Isabel Maria da Silva, viúva do Dr. Santos de Araújo, enfiteuta principal do prazo da 1.ª metade do casal do Lagarto.</enfiteuta>
                <enfiteuta>Jácome Borges Pacheco, enfiteuta principal do prazo do Casal de Infias e Vale Flores.</enfiteuta>
                <desc>
                    <para><entidade tipo="pessoa">José Pereira</entidade>, jornaleiro, casado com <entidade tipo="pessoa">Mariana da Silva</entidade>, paga 300 
                        reis ao enfiteuta do prazo da 1.ª metade do <lugar>casal do Lagarto</lugar>, por um pedaço de terra que se uniu ao quintal desta casa. 
                        A casa é foreira a <entidade tipo="pessoa">Jácome Borges Pacheco</entidade>.</para>
                </desc>
            </casa>
            <casa>
                <número>40, 41, 42 e 48</número>
                <enfiteuta>Jácome Borges Pacheco, enfiteuta principal do prazo do Casal de Infias e Vale Flores.</enfiteuta> <!-- enfiteuta referenciado duas vezes -->
                <desc>
                    <para><entidade tipo="pessoa">Manuel Ferreira</entidade>, marchante, casado com <entidade tipo="pessoa">Andreza Carvalho</entidade>, paga 1275 
                        reis, ao enfiteuta do prazo da 1.ª metade do <lugar>casal do Lagarto</lugar>, por uma pedaço de terra que se uniu aos quintais destas casas. 
                        As casas são foreiras a <entidade tipo="pessoa">Jácome Borges Pacheco</entidade>.</para>
                </desc>
            </casa>
            <casa>
                <número>43</número>
                <enfiteuta>Isabel Maria da Silva, viúva do Dr. Santos de Araújo, enfiteuta principal do prazo da 1.ª metade do casal do Lagarto.</enfiteuta>
                <enfiteuta>Jácome Borges Pacheco, enfiteuta principal do prazo do Casal de Infias e Vale Flores.</enfiteuta>
                <desc>
                    <para><entidade tipo="pessoa">João Gonçalves</entidade>, surrador, casado com <entidade tipo="pessoa">Maria Peixoto</entidade>, paga 225 reis 
                        ao enfiteuta do prazo da 1.ª metade do <lugar>casal do Lagarto</lugar>, por um pedaço de terra que se uniu ao quintal desta casa. A casa é 
                        foreira a <entidade tipo="pessoa">Jácome Borges Pacheco</entidade>.</para>
                </desc>
            </casa>
            <casa>
                <número>44</número>
                <enfiteuta>Isabel Maria da Silva, viúva do Dr. Santos de Araújo, enfiteuta principal do prazo da 1.ª metade do casal do Lagarto.</enfiteuta>
                <enfiteuta>Jácome Borges Pacheco, enfiteuta principal do prazo do Casal de Infias e Vale Flores.</enfiteuta>
                <desc>
                    <para><entidade tipo="pessoa">Bernardo de Oliveira da Silva</entidade>, casado com <entidade tipo="pessoa">Antónia Gomes</entidade>, paga 305 
                        reis ao enfiteuta do prazo da 1.ª metade do <lugar>casal do Lagarto</lugar>, por um pedaço de terra que se uniu ao quintal. A casa é foreira 
                        a <entidade tipo="pessoa">Jácome Borges Pacheco</entidade>.</para>
                </desc>
            </casa>
            <casa>
                <número>45</número>
                <enfiteuta>Isabel Maria da Silva, viúva do Dr. Santos de Araújo, enfiteuta principal do prazo da 1.ª metade do casal do Lagarto.</enfiteuta>
                <enfiteuta>Jácome Borges Pacheco, enfiteuta principal do prazo do Casal de Infias e Vale Flores.</enfiteuta>
                <desc>
                    <para><entidade tipo="pessoa">Ana Maria	da Silva</entidade>, casada com <entidade tipo="pessoa">Bernardo Fernandes da Silva</entidade>, ausente 
                        no <lugar>Brasil</lugar>, paga 295 reis por um pedaço de terra que se uniu ao quintal. A casa é foreira a <entidade tipo="pessoa">Jácome Borges Pacheco</entidade>.</para>
                </desc>
            </casa>
            <casa>
                <número>46</número>
                <enfiteuta>Isabel Maria da Silva, viúva do Dr. Santos de Araújo, enfiteuta principal do prazo da 1.ª metade do casal do Lagarto.</enfiteuta>
                <enfiteuta>Jácome Borges Pacheco, enfiteuta principal do prazo do Casal de Infias e Vale Flores.</enfiteuta>
                <desc>
                    <para><entidade tipo="pessoa">José de Araújo</entidade>, padeiro, casado com <entidade tipo="pessoa">Josefa de Oliveira</entidade>, paga 295 
                        reis ao enfiteuta do prazo da 1.ª metade do <lugar>casal do Lagarto</lugar>, por um pedaço de terra que se uniu ao quintal. A casa é foreira 
                        a <entidade tipo="pessoa">Jácome Borges Pacheco</entidade>.
                    </para>
                </desc>
            </casa>
            <casa>
                <número>47</número>
                <enfiteuta>Isabel Maria da Silva, viúva do Dr. Santos de Araújo, enfiteuta principal do prazo da 1.ª metade do casal do Lagarto.</enfiteuta>
                <enfiteuta>Jácome Borges Pacheco, enfiteuta principal do prazo do Casal de Infias e Vale Flores.</enfiteuta>
                <desc>
                    <para><entidade tipo="pessoa">Mariana</entidade>, filha de <entidade tipo="pessoa">Geraldo Jácome</entidade>, paga 260 reis ao enfiteuta do 
                        prazo da 1.ª metade do <lugar>casal do Lagarto</lugar>, por um pedaço de terra que se uniu ao quintal. A casa é foreira a 
                        <entidade tipo="pessoa">Jácome Borges Pacheco</entidade>.</para>
                </desc>
            </casa>
            <casa>
                <número>49</número>
                <enfiteuta>Isabel Maria da Silva, viúva do Dr. Santos de Araújo, enfiteuta principal do prazo da 1.ª metade do casal do Lagarto.</enfiteuta>
                <enfiteuta>Jácome Borges Pacheco, enfiteuta principal do prazo do Casal de Infias e Vale Flores.</enfiteuta>
                <desc>
                    <para><entidade tipo="pessoa">Helena Teresa</entidade>, filha de <entidade tipo="pessoa">Manuel Carvalho</entidade>, paga 230 reis ao enfiteuta 
                        da 1.ª metade do <lugar>casal do Lagarto</lugar>. A casa é foreira a <entidade tipo="pessoa">Jácome Borges Pacheco</entidade> e confronta, 
                        de ambas as partes, com casas que lhe pertencem.
                    </para>
                </desc>
            </casa>
        </lista-casas>
    </corpo>
</rua>